word,number
wikimedia,4
wikimedia foundation,4
wikimedia org,4
via,3
www wikimedia org,3
http www wikimedia org,3
wikimedia commons,3
the wikimedia foundation,2
wikimedia wikipedia,2
wikimedia family,2
\u0444\u043e\u043d\u0434\u0443 \u0432\u0456\u043a\u0456\u043c\u0435\u0434\u0456\u0430,2
more,2
\u0628\u0646\u06cc\u0627\u062f \u0648\u06cc\u06a9\u06cc\u200c\u0645\u062f\u06cc\u0627,2
http wikimedia org,2
wikimedia foundation inc,2
2 wikimedia org,2
https www wikimedia org,2
wikimedia projects,2
fonte immagine,2
source,2
wiki,2
\u0432\u0438\u043a\u0438\u043c\u0435\u0434\u0438\u0430,2
website,2
wiki media,2
\u0444\u043e\u043d\u0434\u0430 \u0432\u0438\u043a\u0438\u043c\u0435\u0434\u0438\u0430 wikimedia foundation,2
https wikimedia org,2
wikimedia foundation wikipedia,2
\u0444\u043e\u043d\u0434\u0430\u0446\u0438\u044f \u0443\u0438\u043a\u0438\u043c\u0435\u0434\u0438\u044f,2
wiki\u00admedia,2
wikimedia vakf\u0131 na wikimedia foundation,1
a savin,1
wikimedia authors of the wiki software used by c its,1
wikimedia startseite,1
many others,1
\u5b98\u7f51\u76f4\u8fbe,1
cette page,1
verschiedenen wikimedia projekte,1
non solo,1
einstiegsseite der wikimedia foundation auch auf wikimedia projekte,1
roy,1
carl van vechten public domain,1
guwahati,1
wikimedia stigting,1
\u0e17\u0e35\u0e48\u0e19\u0e35\u0e48,1
\u0633\u0649\u0631\u062a\u0642\u0649 \u0633\u0649\u0644\u062a\u06d5\u0645\u06d5\u0644\u06d5\u0631,1
fundacj\u00e4\u0099 wikimedia,1
funda\u00e5\u00a3iei wikimedia,1
numerous projects,1
\u7ef4\u57fa,1
\u0444\u043e\u043d\u0434\u0430\u0446\u0438\u044f wikimedia,1
la moneda,1
wikimedia org wikimedia foundation wikimedia,1
wikimedia community,1
universo wikimedia,1
\u00e0\u00a8\u00b5\u00e0\u00a8 \u00e0\u00a8\u0095\u00e0\u00a9\u0080\u00e0\u00a8\u00ae\u00e0\u00a9\u0080\u00e0\u00a8 \u00e0\u00a9\u0080\u00e0\u00a8\u0086,1
homepage,1
info and photo from wikimedia org,1
another suggestion of how wikimedia could use feeds,1
t\u1edbi trang web c\u1ee7a ikki nguyen,1
description source wikipedia,1
wikimedia movement,1
wikimedia foundation s,1
hemsidan f\u00f6r wikimedia foundation www wikimedia org,1
automotive,1
wikixyz,1
site van de overkoepelende organisatie wikimedia,1
visiter wikimedia org,1
progetti wikimedia,1
image rudolf eickemeyer jr,1
proyectos hermanos,1
\u043f\u0435\u0440\u0435\u0439\u0442\u0438 \u043d\u0430 \u0441\u0430\u0439\u0442 wikimedia org,1
external page,1
wikimedia \u5c08\u6848,1
similar projects,1
\u0432\u0438\u043a\u0438\u043c\u0435\u0434\u0438\u0458\u0438\u043d \u043f\u043e\u0440\u0442\u0430\u043b,1
wiki projektai,1
>> go to wikimedia org <<,1
hier klicken,1
site wikimedia,1
projects of the wikimedia foundation,1
sister projects,1
\u0432\u0438\u043a\u0438\u043c\u0435\u0434\u0438\u044f,1
d\u00e9couvrez les autres projets wikim\u00e9dia,1
\u05e7\u05e8\u05df \u05d5\u05d9\u05e7\u05d9\u05de\u05d3\u05d9\u05d4,1
wikimedia org home page,1
the wikimedia,1
wikimedia foundation mit links zu den projekten,1
portal multiling\u00e3\u00bce dels proj\u00e3\u00a8ctes,1
public domain,1
clique aqui e entre no mundo wikimedia,1
wikimedia wikimedia movement,1
side projects,1
by ed uthman from houston tx usa rhodes 1970s d05 jpg cc by sa 2 0,1
wikicities is not part of the wikimedia foundation,1
\u00e7 \u00b4\u00e5\u009f\u00ba\u00e5\u00aa\u0092\u00e4\u00bd\u0093\u00e5\u009f\u00ba\u00e9\u0087\u0091\u00e4\u00bc\u009a,1
wikipedia software via this link,1
\u05d5\u05d9\u05e7\u05d9\u05de\u05d9\u05d3\u05d4,1
gnu license wikimedia,1
\u0437\u0430\u0434\u0443\u0436\u0431\u0438\u043d\u0435 \u0432\u0438\u043a\u0438\u043c\u0435\u0434\u0438\u0458\u0430,1
2 wikipedia,1
projecto wikimedia,1
wiki seiten original,1
click,1
\u05db\u05d0\u05df,1
wikipedia s parent organization,1
reprodu\u00e3 \u00e3\u00a3o wikimedia,1
visit site,1
wikimedia fundazioaren,1
wikimedia galaxy,1
wikimedia s\u00e4\u00e4ti\u00f6,1
4,1
\u0632\u064a\u0627\u0631\u0629 \u0645\u0648\u0642\u0639 \u0631\u0643\u0646 \u0627\u0644\u062f\u064a\u0646 \u0623\u0631\u0633\u0644\u0627\u0646 \u0627\u0644\u0645\u0641\u0636\u0644,1
rajenver,1
\u0d35\u0d3f\u0d15\u0d4d\u0d15\u0d3f\u0d2e\u0d40\u0d21\u0d3f\u0d2f \u0d35\u0d46\u0d2c\u0d4d\u0d38\u0d48\u0d31\u0d4d\u0d31\u0d4d,1
surs\u0103,1
link externo,1
non profit,1
\u7ef4\u57fa\u5a92\u4f53\u57fa\u91d1,1
photo credit,1
wikimedia foundationin,1
med,1
kering kasari,1
wiki media foundation,1
marketing,1
wikim\u00e3\u00a9dia,1
other wikimedia projects,1
here,1
en wikimedia org,1
\u043f\u0435\u0440\u0435\u0439\u0442\u0438 \u043d\u0430 \u0441\u0430\u0439\u0442 go to site wikimedia org,1
proyectos principales,1
all the wikimedia projects,1
source wikimedia org,1
active,1
mediawiki website,1
wiki site,1
www mediawiki org,1
\u043d\u0435\u043a\u043e\u043c\u043c\u0435\u0440\u0447\u0435\u0441\u043a\u0438\u0439 \u0444\u043e\u043d\u0434 wikimedia,1
\u05d5\u05d9\u05e7\u05d9\u05e4\u05d3\u05d9\u05d4,1
bu,1
33,1
32,1
31,1
liga\u00e3 \u00e3\u00a3o externa,1
37,1
36,1
as you can here,1
credit,1
\uc7ac\ub2e8\uc758 \ud504\ub85c\uc81d\ud2b8\uc785\ub2c8\ub2e4,1
courtesy of wikimedia,1
wikimedia jamg\u02bbarmasining,1
emely,1
todas as wikip\u00e9dias mto bom,1
visit,1
\u0441\u044b\u0440\u0442\u049b\u044b \u0441\u0456\u043b\u0442\u0435\u043c\u0435\u043b\u0435\u0440,1
bosta,1
wikimedii,1
family,1
\u00f9\u0088\u00fb\u008c\u00fa\u00a9\u00fb\u008c\u00e2\u0080\u008c\u00f9 \u00f8\u00af\u00fb\u008c\u00f8 \u00f8\u00a8\u00f9\u0086\u00fb\u008c\u00f8 \u00f8\u00af \u00f9 \u00f9\u0088\u00f8\u00b3\u00f8\u00b3 \u00f9\u0088\u00fb\u008c\u00fa\u00a9\u00fb\u008c \u00f9\u00be\u00f8\u00af\u00fb\u008c\u00f8,1
wikimedia foundation website,1
homepage der wikimedia foundation www wikimedia org,1
reprodu\u00e7\u00e3o wikimedia,1
de wikkimedija sht\u0117fft\u016fng,1
wikimedia s,1
bild wikimedia,1
otros,1
claude monet,1
\u00a9 \u0444\u043e\u0442\u043e wikimedia org,1
mediawiki,1
wealth,1
aqu\u00ed,1
di sini,1
online shopping,1
wikimedia fondo,1
seiner schwesterprojekte,1
\u012fvadinis wikimedia foundation puslapis,1
iphone,1
\u0627\u0644\u0645\u0635\u062f\u0631 \u0645\u0648\u0642\u0639 \u0648\u064a\u0643\u0628\u064a\u062f\u064a\u0627,1
wikimedia ~ imagine a world in which every single human being can freely share in the sum of all,1
wikimedia argentina,1
via wikimedia org,1
wikimedia images under creativecommons license,1
wikimedia homepage,1
wikimedia all wiki sites,1
fonda\u0135o vikimedio,1
fundaci\u00e3\u00b3n wikimedia,1
la fondation wikim\u00e9dia,1
wiki wiki wiki,1
one of the most used families of websites in the world,1
great free stuff,1
wikipedias,1
ag\u00eancia brasil,1
de bron wikipedia van de beschrijving,1
\u0648\u06cc\u06a9\u06cc \u067e\u062f\u06cc\u0627,1
une dizaine de projets,1
welcome to wikimedia,1
fundacj\u0105 wikimedia,1
\u0432\u0456\u043a\u0456\u043c\u0435\u0434\u0456\u0430,1
wikicommons media,1
entertainment,1
http www ourmedia org,1
\u5582\u9e21\u5a92\u4f53\u7fa4,1
\u05de\u05d9\u05d6\u05de\u05d9 \u05d5\u05d9\u05e7\u05d9\u05de\u05d3\u05d9\u05d4,1
wikimedia website,1
\u7ef4\u57fa\u5a92\u4f53,1
free information,1
\u0432\u0438\u043a\u0438\u043f\u0435\u0434\u0438\u0438,1
sumber,1
pete forsyth,1
wikimedia sister projects,1
free content projects,1
links,1
vicimediae fundationis,1
s\u0131rtq\u0131 siltew,1
von einem gemeinn\u00fctzigen verein getragen,1
wikimedia stiftung,1
wikimedia lexika,1
usage statistics for ms wikipedia org may 2004 search string,1
celerity ibx com,1
visit www wikimedia org,1
the wikimedia projects,1
travel,1
\u0432\u0438\u043a\u0438\u043c\u0435\u0434\u0438\u0458\u0438\u043d\u043e\u0433 \u043f\u0440\u043e\u0458\u0435\u043a\u0442\u0430,1
wikimedia ch,1
1,1
wikimedians,1
best wikimedia,1
wikimedia org foundation,1
backgrounds by wikimedia,1
health wellness,1
hier,1
t\u00e1\u00ba i \u00e4\u0091\u00e3\u00a2y,1
mediawiki software,1
wikimedia projektais,1
fajro,1
143,1
beauty,1
wikimedia sites,1
reprodu\u00e7\u00e3o wikimedia commons,1
ikimedia,1
jayson williams jason williams,1
\u00ee\u00ac \u00f9\u00b0\u00f9 \u00e6,1
\u043f\u0440\u043e\u0435\u043a\u0442\u0456\u0432 \u0444\u043e\u043d\u0434\u0443 \u0432\u0456\u043a\u0456\u043c\u0435\u0434\u0456\u0430,1
zu wikimedia org,1
bildmaterial \u043c\u0438\u0442\u044f \u0430\u043b\u0435\u0448\u043a\u043e\u0432\u0441\u043a\u0438\u0439 wikimedia org,1
fukushima wikipedia,1
wikimediacommons,1
usage statistics for ar wikipedia org august 2004 referrer,1
a static wiki wpmu,1
wikimedia the world of wiki,1
photo credit wikimedia org,1
wikimedia foundation s websites,1
\u1793\u17b7\u1792\u17b7\u179c\u17b7\u1782\u17b8,1
the various wiki projects,1
other free content projects,1
trang ch\u00e1 c\u00e1 a wikimedia,1
projecte wikimedia,1
ooty by woodthought,1
tashqi havolalar,1
image credit,1
la page web de la fondation wikimedia foundation www wikimedia org,1
medical coverage,1
wikimedia fondatioun,1
\u00e7 \u00ad\u00e5\u009f\u00ba\u00e5\u00aa\u0092\u00e9 \u0094\u00e5\u009f\u00ba\u00e9\u0087\u0091\u00e6\u009c\u0083,1
\u4f7f\u7528https\u534f\u8bae\u7684\u7ef4\u57fa\u5a92\u4f53\u59ca\u59b9\u9879\u76ee,1
the homepage of the wikimedia foundation www wikimedia org,1
free online wiki projects,1
a set of websites,1
\u0e21\u0e39\u0e25\u0e19\u0e34\u0e18\u0e34\u0e27\u0e34\u0e01\u0e34\u0e21\u0e35\u0e40\u0e14\u0e35\u0e22,1
\u0432\u0438\u043a\u0438\u043c\u0435\u0434\u0438\u0458\u0430,1
zw\u00f6lf schwesterprojekte,1
\u0989\u0987\u0995\u09bf\u09ae\u09bf\u09a1\u09bf\u09df\u09be,1
wikimedia com,1
\u00f6ffnen,1
\u00a9 \u0444\u043e\u0442\u043e http wikimedia org,1
> wikimedia enciclopedia,1
http commons wikimedia org wiki file church cross on top jpg,1
heartland payment systems,1
edita,1
imagine a world in which every single human being can freely share in the sum of all knowledge,1
equ\u00e3\u00ad,1
wikimedia org wikimedia foundation,1
group,1
img,1
other organizations,1
de wikkimedija sht\u00e4\u0097fft\u00e5\u00afng,1
share it s outcomes,1
\u00e8\u00a8\u0098\u00e8 \u00b0\u00e3\u0081\u00ae\u00e6\u00ba\u0090wikipedia,1
wikimedia org \u0628\u0627\u0632\u062f\u06cc\u062f 6,1
\u7dad\u57fa\u767e\u79d1\u57fa\u91d1\u6703,1
sister platforms,1
mini wikipedia,1
official web site,1
photo source,1
image,1
conhecimento educacional,1
c wikimedia org,1
sumber wikimedia org,1
access wikimedia org go \u00e2\u0096\u00ba,1
46 wikimedia foundation $124 80,1
\u0645\u062c\u0645\u0648\u0639\u0647 \u062f\u0627\u06cc\u0631\u0647 \u0627\u0644\u0645\u0639\u0627\u0631\u0641 \u0648\u06cc\u06a9\u06cc,1
go to site,1
eine reihe schwesterprojekte,1
this proposal,1
source wikipedia de description,1
\u00f0\u0092\u00f0\u00b8\u00f0\u00ba\u00f0\u00b8\u00f0\u00bc\u00f0\u00b5\u00f0\u00b4\u00f0\u00b8\u00f0\u00b0 \u00f1\u0084\u00f0\u00be\u00f0\u00bd\u00f0\u00b4,1
projektu wikimedia,1
zdj\u0119cie wikipedia,1
projekte,1
wikipedia wikimedia commons wicktionary wikinews wikiversity y wikiquote,1
t\u1ea1i \u0111\u00e2y,1
projets chapeaut\u00e9s par la fondation wikim\u00e9dia,1
\u00e0\u00b8\u0097\u00e0\u00b8\u00b5\u00e0\u00b9\u0088\u00e0\u00b8\u0099\u00e0\u00b8\u00b5\u00e0\u00b9\u0088,1
\u0432\u0456\u043a\u0456\u043f\u0435\u0434\u0456\u044f,1
redirect to wikimedia org,1
undinys wikimedia,1
purple google ghetto google,1
wikipedia wikimedia foundation,1
\u043f\u043e\u0440\u0442\u0430\u043b \u0432\u0438\u043a\u0438\u043c\u0435\u0434\u0438\u0458\u0438\u043d\u0438\u0445 \u043f\u0440\u043e\u0458\u0435\u043a\u0430\u0442\u0430,1
projekty,1
visit url,1
image sergio valle duarte wikimedia commons,1
\u3053\u3061\u3089,1
other projects under the wikimedia foundation,1
wikimedia foundatio,1
cc by cc 3 0,1
online media source,1
view website,1
wikimedia website for free images and other media,1
commons,1
poch\u00f3d z krzy\u017cem,1
books media,1
wikiman,1
special pages,1
insurance,1
mdt,1
nikolas becker,1
portalseite der foundation,1
the wiki source,1
goo,1
\u0444\u043e\u043d\u0434\u0430\u0446\u0438\u0458\u0430\u0442\u0430 \u0432\u0438\u043a\u0438\u043c\u0435\u0434\u0438\u0458\u0430,1
\u7ef4\u57fa\u767e\u79d1,1
\u0444\u043e\u0442\u043e wikimedia org,1
\u30a6\u30a3\u30ad\u30e1\u30c7\u30a3\u30a2\u8ca1\u56e3,1
definition main source,1
may,1
organisations wikimedia,1
financial services,1
foundation,1
foto,1
online enzyklop\u00e4die und ihrer schwesterprojekte,1
bildmaterial leuschtelampe wikimedia org,1
\u00a9 wikimedia org,1
usage statistics for en wikipedia org april,1
the wikimedia foundation inc,1
most of the big ones are under one roof,1
image alpha from melbourne,1
qui,1
org,1
\u00a9gerd eichmann wikimedia org,1
fundacije wikimedia,1
any wikimedia project,1
pune,1
brandon harris,1
wikimedia iose,1
wikimedia foundation and its wikis,1
resource,1
gifts flowers,1
\u05d5\u05d5\u05d9\u05e7\u05d9\u05de\u05d3\u05d9\u05d4,1
wikimedia web site,1
>>>wikimedia,1
la wikimedia foundation,1
sept autres projets wikim\u00e9dia,1
projetos relacionados,1
wikipedia wikiversity wikibooks,1
wikimedia org flickr com,1
hyderabad,1
sefydliad wikimedia,1
wikimedia 54,1
fundaci\u00f3n wikimedia,1
\u7dad\u57fa\u767e\u79d1,1
wikimedia project portal,1
wikimedia deutschland,1
\u0645\u0634\u0627\u0631\u064a\u0639 \u0648\u064a\u0643\u064a\u0645\u062f\u064a\u0627,1
wikimedia shteftung,1
aqu\u00e3\u00ad,1
wikimedia foundation wikimedia org,1
\u0648\u06cc\u06a9\u06cc\u0645\u062f\u06cc\u0627,1
http commons wikimedia org,1
sister sites,1
\u00ec\u0097\u00ac\u00ea\u00b8\u00b0,1
wikimedia home of wikipedia,1
mashooque ali jatoi s o mohad hashim,1
wiki par wikimedia,1
wikimedia est non seulement pr\u00e9curseur,1
wikimedia s projects,1
la fondation wikimedia,1
2,1
wiki technology,1
wikipedia community,1
laman kumpulan portal wikimedia foundation,1
\u0645\u0624\u0633\u0633\u0629 \u0648\u064a\u0643\u064a\u0645\u062f\u064a\u0627,1
wikim\u00e9dia france,1
official site navigation,1
andrey wkimedia org,1
sumber foto,1
anchor text,1
\u0442\u044b\u0448\u04a1\u044b \u04bb\u044b\u043b\u0442\u0430\u043d\u043c\u0430\u043b\u0430\u0440,1
http www wikimedia or,1
reihe weiterer projekte,1
wikimedia foundation project,1
wikipedia and wikimedia,1
portail multilingue des projets,1
hobopocc cc by sa,1
online enzyklop\u00e4die wikipedia und seiner schwester projekte,1
officiell webbplats,1
fondazzjoni wikimedia,1
fondation wikim\u00e9dia,1
toronto,1
wikimedia projekten,1
en wikipedia org,1
\u8bbf\u95ee,1
wikimedia bewegung,1
de wikimedia foundation,1
\u0648\u064a\u0643\u0628\u064a\u062f\u064a\u0627,1
edit\u00e9 par wikimedia foundation,1
daftar penumpang,1
social knowledge platform offerings,1
info,1
a lot more,1
\u0432\u0438\u043a\u0438\u043c\u0435\u0434\u0438\u0458\u0430 \u0444\u043e\u043d\u0434\u0430\u0446\u0438\u0458\u0430\u0442\u0430,1
wikimedia public domain,1
\u043f\u0440\u043e\u0435\u043a\u0442\u043e\u0432 \u0432\u0438\u043a\u0438\u043c\u0435\u0434\u0438\u0430,1
a san francisco i sz\u00e9khely\u0171 wikimedia foundation honlapja,1
wikimedia commons jedes foto hieraus kopiert,1
funda\u00e7\u00e3o wikimedia,1
stated aim of,1
tutaj,1
see more,1
\u05e4\u05dc\u05d8\u05e4\u05d5\u05e8\u05de\u05d5\u05ea \u05d5\u05d9\u05e7\u05d9,1
wikim\u00e9dia foundation,1
fabulist pithy,1
wikimedia fundacija,1
sports fitness,1
encyclopedie,1
yayasan wikimedia,1
equ\u00ed,1
wikisource wikibooks,1
porched liesyezh ar raktreso\u00f9 wikimedia org,1
437 wikimedia foundation inc,1
familia wikimedia,1
its sister projects,1
wikimedia org \u00e2\u00a9 creative commons materia\u00e5\u0082y prasowe,1
48 wikimedia foundation $124 80,1
accessories,1
wikimedia domain,1
mediawiki foundation,1
encyclopedia,1
fondation wikimedia 60,1
wikipedia wikibooks,1
\u0444\u0443\u043d\u0434\u0430\u0446\u044b\u0456 \u0432\u0456\u043a\u0456\u043c\u044d\u0434\u044b\u044f,1
wikimidia org,1
\u0d07\u0d35\u0d3f\u0d1f\u0d46,1
copia,1
\u00f0\u0092\u00f0\u00bd\u00f0\u00b5\u00f1\u0088\u00f0\u00bd\u00f0\u00b8\u00f0\u00b5 \u00f1\u0081\u00f1\u0081\u00f1\u008b\u00f0 \u00f0\u00ba\u00f0\u00b8,1
wikimedia fundation,1
zack exley,1
richard slessor cc by sa 2 0,1
services,1
wikimedia s\u00e4\u00e4ti\u00f6n,1
beskrivningsk\u00e4lla wikipedia,1
\u7ef4\u57fa\u4ea7\u54c1,1
oxfordian kissuth,1
wikmedia foundation,1
\u03b9\u03b4\u03c1\u03cd\u03bc\u03b1\u03c4\u03bf\u03c2 wikimedia,1
vikimedijinog projekta,1
url,1
le site de wikipedia,1
several other interesting projects,1
projectos geridos pela wikimedia,1
wikipedia wikimedia,1
databases,1
wikinews,1
\u05e7\u05e8\u05df \u05d5\u05d5\u05d9\u05e7\u05d9\u05de\u05d3\u05d9\u05d4,1
liga\u00e7\u00e3o externa,1
wikimediaan,1
projetos da wikimedia,1
m\u00f3n de wikimedia,1
fondacije wikimedia,1
the wikimedia sites,1
wikimedia org \u00a9 creative commons,1
\u0648\u06cc\u06a9\u06cc \u0645\u062f\u06cc\u0627,1
wikicommons,1
portfolio,1
fundation wikimedia,1
woodthought,1
wikimedia founder,1
\u200bwikimedia projects,1
wikimedia organization,1
food drinks,1
kaynak,1
pundasyong wikimedia,1
schwesterprojekte,1
fundacji wikimedii,1
randy,1
wikipedia org,1
robh,1
fundacji wikimedia,1
wikimedia foundation s projects,1
wikipedia and wikibooks and wikisource etc,1
cr\u00e9dito http www wikimedia org,1
belanja ilmu,1
wsr snapshot http images websnapr com size=s key=iyx2o9v8p0eh url= iyx2o9v8p0eh s,1
recreation leisure,1
home garden,1
projets wikimedia,1
wikimedia portal,1
portail multilingue des projets wikimedia org,1
visit the site,1
our homepage,1
wikimedia fou,1
go to wikimedia org,1
sursa foto,1
contenu entier de wikimedia,1
\u00f4\u00ee\u00ed\u00e4 \u00e2\u00e8\u00ea\u00e8\u00ec\u00e5\u00e4\u00e8\u00e0,1
referencing,1
autres projets,1
same software platform,1
the border s01e08 german dubbed dvdrip itg full episode online,1
wikipedia the free encyclopedia,1
projectes wikimedia,1
\u0ab5\u0abf,1
clothing apparel,1
usage statistics for de wikipedia org september 2004 referrer,1
\u0648\u06cc\u06a9\u06cc \u067e\u06cc\u062f\u06cc\u0627,1
\u0935\u093f\u0915\u093f\u092e\u0940\u0921\u093f\u092f\u093e \u092b\u093e\u0909\u0902\u0921\u0947\u0936\u0928,1
michael godwin,1
proyectos oficiales de wikipedia,1
\u00e2\u00ed\u00e5\u00f8\u00ed\u00e8\u00e5 \u00f1\u00f1\u00fb\u00eb\u00ea\u00e8,1
wikmedia,1
bildmaterial wikimedia,1
make cyclical requests for donations,1
www wikimedia org is a global movement whose mission is to bring free educational content to the,1
wiki commons,1
view site,1
progetti,1
\u0444\u043e\u0442\u043e \u0441 \u0441\u0430\u0439\u0442\u0430 wikimedia org,1
e l1 http www wikimedia org,1
fondation wikimedia,1
bataniya wikimiydei,1
computer electronics,1
wikipedia foundation,1
\u7dad\u57fa\u5a92\u9ad4\u57fa\u91d1\u6703,1
wiki\u00e7\u0099\u00be\u00e7 \u0091\u00e7\u00b3 \u00e5\u0088\u0097,1
ong sem fins lucrativos,1
any of their many other projects,1
funda\u00e7\u00e3o,1
\u76f8\u5173\u7f51\u7ad9,1
wikimedia offers,1
wikimedia foundation url,1
dmitry rozhkov wikipedia,1
wikimedia fondation,1
wikipedie,1
projekty wikimedia foundation,1
wikipedia,1
wiki e,1
muhammad mahdi karim wikimedia,1
3,1
foto wikimedia org,1
przekieruj do wikimedia org,1
wikipedia y sus proyectos hermanos,1
proyectos de wikimedia,1
contact us,1
flickr,1
non profit organization,1
wikimedia index,1
other wiki sites,1
\u0442\u044b\u043d\u0446,1
wm,1
\u00e0\u00a8\u00b5\u00e0\u00a8 \u00e0\u00a8\u0095\u00e0\u00a9\u0080\u00e0\u00a8\u00ae\u00e0\u00a9\u0080\u00e0\u00a8 \u00e0\u00a9\u0080\u00e0\u00a8\u0086 \u00e0\u00a8 \u00e0\u00a8\u00bc\u00e0\u00a8\u00be\u00e0\u00a8\u008a\u00e0\u00a8\u0082\u00e0\u00a8 \u00e0\u00a9\u0087\u00e0\u00a8\u00b8\u00e0\u00a8\u00bc\u00e0\u00a8\u00a8,1
images source,1
wikimedia project s,1
wiki encyklopedie slovn\u00edk citace a knihy,1
wikimedia g\u012d g\u012dng hu\u00f4i,1
e6 l1 http www wikimedia org,1
\u0432\u0438\u043a\u0438\u043c\u0435\u0434\u0438\u0430 \u0444\u043e\u043d\u0434,1
aqui,1
15 16,1
\u0438\u0441\u0442\u043e\u0447\u043d\u0438\u043a,1
mediawiki engine,1
the wikimedia organization,1
jan bart,1
\u0d35\u0d3f\u0d15\u0d4d\u0d15\u0d3f\u0d2e\u0d40\u0d21\u0d3f\u0d2f \u0d2b\u0d4c\u0d23\u0d4d\u0d1f\u0d47\u0d37\u0d28\u0d4d\u0d31\u0d46,1
funda\u0163iei wikimedia,1
\uc5ec\uae30,1
wikimedia org website,1
wikimedia foundationi,1
dictionaries encyclopedias,1
zaklade wikimedije,1
wikimedia volunteers,1
wikimedia fonden,1
srinagar by wikimedia,1
image source,1
\u00eb\u00ac\u0098\u00ec\u0082\u00ac \u00ea \u00bc\u00ec\u009b\u0090 wikipedia,1
wikimediafoundation,1
\u0648\u06cc\u06a9\u06cc\u200c\u0645\u062f\u06cc\u0627,1
tous les projets wikim\u00e9dia,1
dona neves,1
wikim\u00e8dia,1
white river monster wikipedia,1
telecommunications,1
wikimedia hankkeen projektit,1
\u0648\u064a\u0643\u064a\u0645\u064a\u062f\u064a\u0627,1
fundacj\u0119 wikimedia,1
frank schulenburg,1
wicimedia cymru,1
the different wikimedia projects,1
vikimedijos fondo tinklalapis,1
read article,1
\u0432\u0438\u043a\u0438\u043c\u0435\u0434\u0438\u0458\u0438\u043d\u043e\u0433 \u043f\u0440\u043e\u0458\u0435\u043a\u0442\u043d\u0430,1
portal multiling\u00fce dels proj\u00e8ctes,1
>,1
\u0648\u06a9\u06cc \u067e\u06cc\u0688\u06cc\u0627 \u0648\u06a9\u06cc \u0645\u06cc\u0688\u06cc\u0627 \u0641\u0627\u0624\u0646\u0688\u06cc\u0634\u0646 \u06a9\u0627 \u0627\u06cc\u06a9 \u0645\u0646\u0635\u0648\u0628\u06c1 \u06c1\u06d2,1
in einem neuen fenster \u00f6ffnen,1
wikimedia fondacija,1
wikimedi\u00f3w,1
wiki media org,1
39,1
wikimedije,1
member wikimedia uk au,1
the other wikimedia foundation projects,1
zer da wikimedia,1
\u10d5\u10d8\u10d9\u10d8\u10db\u10d4\u10d3\u10d8\u10d8\u10e1 \u10de\u10e0\u10dd\u10d4\u10e5\u10e2\u10d8\u10d0,1
dari sini,1
\u0442\u0443\u043a,1
these,1
proyectos,1
wikimedia foundations,1
\u09ab\u09be\u0989\u09a8\u09cd\u09a1\u09c7\u09b6\u09a8\u09c7\u09b0 \u098f\u0995\u099f\u09bf \u09aa\u09cd\u09b0\u0995\u09b2\u09cd\u09aa,1
wikimeadia foundation,1
open site,1
other free knowledge projects,1
online services,1
wikimedia e v,1
source page,1
projets wikim\u00e9dia,1
les projets wikimedia,1
\uc704\ud0a4\ubbf8\ub514\uc544,1
encyclop\u00e9dies virtuelles,1
\u00d7 \u00d7\u00a8\u00d7\u009f \u00d7\u0095\u00d7\u0099\u00d7 \u00d7\u0099\u00d7\u009e\u00d7\u0093\u00d7\u0099\u00d7\u0094,1
wikimedi,1
\u0ea1\u0eb9\u0e99\u0e99\u0eb4\u0e97\u0eb4 \u0ea7\u0eb4\u0e81\u0eb4\u0ea1\u0eb5\u0ec0\u0e94\u0e8d,1
image sergio valle duarte,1
know world better,1
herramientas del movimiento wikimedia,1
image david ingham,1
\uc704\ud0a4\ubbf8\ub514\uc5b4,1
tous les projets de la fondation,1
fundaci\u00f3 wikimedia,1
bron,1
5 wikimedia,1
wikimedia org \u00e2\u00a9 creative commons,1
simbolo di wikimedia,1
\u0647\u0646\u0627,1
\u8a18\u8ff0\u306e\u6e90wikipedia,1
hampton catlin,1
makaveli75,1
education,1
fran\u00e7ois hirsch guillermo flamos ramerich infrogmation,1
projekten der wikimedia foundation,1
media,1
o que \u00e3\u00a9 a wikimedia,1
ouvrez dans une autre fen tre,1
graphic version of this page,1
wikimedia org wikimedia foundation \u0432\u0438\u043a\u0438\u0441\u043e\u043e\u0431\u0449\u0435\u0441\u0442\u0432\u043e,1
proxectos,1
laughing couple via wikimedia org,1
funda\u00e3 \u00e3\u00a3o wikimedia,1
wikimedia s policies,1
fuente wikipedia de la descripci\u00f3n,1
the wikimedia movement,1
fifteen projects,1
images on this site from wikimedia org,1
\u00f0\u00a4\u00f0\u00be\u00f0\u00bd\u00f0\u00b4\u00f0\u00b0 \u00f0\u0092\u00f0\u00b8\u00f0\u00ba\u00f0\u00b8\u00f0\u00bc\u00f0\u00b5\u00f0\u00b4\u00f0\u00b8\u00f1\u008f,1
parent organization,1
upload wikimedia org,1
\u05d5\u05d9\u05e7\u05d9\u05de\u05d3\u05d9\u05d4,1
open source publishing wikimedia foundation,1
jay walsh wikimedia,1
wikimedia content management system,1
metaheuristix,1
encyclopedia wikimedia,1
1 2,1
za ljubopitljive,1
image archives of toronto wikimedia commons,1
\u00e4\u00aevadinis wikimedia foundation puslapis,1
\u0a35\u0a3f\u0a15\u0a40\u0a2e\u0a40\u0a21\u0a40\u0a06 \u0a26\u0a40 \u0a06\u0a2a\u0a23\u0a40 \u0a35\u0a48\u0a71\u0a2c\u0a38\u0a3e\u0a08\u0a1f,1
\u00e0\u00b4\u00b5\u00e0\u00b4 \u00e0\u00b4\u0095\u00e0\u00b5\u008d\u00e0\u00b4\u0095\u00e0\u00b4 \u00e0\u00b4\u00ae\u00e0\u00b5\u0080\u00e0\u00b4 \u00e0\u00b4 \u00e0\u00b4\u00af \u00e0\u00b4\u00b5\u00e0\u00b5\u0086\u00e0\u00b4\u00ac\u00e0\u00b5\u008d\u00e0\u00b4\u00b8\u00e0\u00b5\u0088\u00e0\u00b4\u00b1\u00e0\u00b5\u008d\u00e0\u00b4\u00b1\u00e0\u00b5\u008d,1
\u0935\u093f\u0915\u093f\u092a\u0940\u0921\u093f\u092f\u093e \u0939\u093e \u0935\u093f\u0915\u093f\u092e\u0940\u0921\u093f\u092f\u093e \u0938\u0902\u0918\u091f\u0928\u0947\u091a\u093e \u092a\u094d\u0930\u0915\u0932\u094d\u092a \u0906\u0939\u0947,1
\u0437\u0434\u0435\u0441\u044c,1
image michiel,1
materia\u0142y prasowe,1
alt + w wikimedia,1
wikimedia projektes,1
entry,1
wiki world,1
\u0906\u0927\u093f\u0915\u093e\u0930\u093f\u0915 \u0938\u093e\u0907\u091f \u0928\u0947\u0935\u093f\u0917\u0947\u0936\u0928,1
seasonal,1
astronaut farmer true story,1
learn more about wikimedia,1
en wikimedia,1
\u0648\u064a\u0643\u0645\u064a\u062f\u064a\u0627,1
photo,1
\u00ec\u009c\u0084\u00ed\u0082\u00a4\u00eb\u00af\u00b8\u00eb\u0094\u0094\u00ec\u0096\u00b4 \u00ec\u009e\u00ac\u00eb\u008b\u00a8,1
photo from wikimedia org,1
an announcement on the wikimedia foundation s site,1
\u0ab5\u0abf\u0a95\u0abf\u0aae\u0ac0\u0aa1\u0abf\u0aaf\u0abe \u0aab\u0abe\u0a89\u0aa8\u0acd\u0aa1\u0ac5\u0ab6\u0aa8,1
projects,1
wikimedia stichting,1
yes,1
41,1
wikimedia spinoffs,1
jennifer riggs,1
the wikimedia wiki s,1
\u0442\u0430\u0441 \u0441\u0438\u0433\u044d\u043b\u044d\u0440,1
wikipedia s sister projects,1
wikimedia project,1
jumptv,1
jimmy wales,1
useiden sisarprojektien,1
http wik\u00adimedia org\u00ad,1
\u0935\u093f\u0915\u093f\u092e\u0940\u0921\u093f\u092f\u093e,1
mediawiki wikinews wikiquote wikiversity wikimedia commons wikibooks wikispecies,1
buying selling,1
nathaly,1
image bergen library via wikimedia commons,1
image wikimedia commons,1
\u0432\u0438\u043a\u0438\u043f\u0435\u0434\u0438\u044f,1
careers,1
\u200bwikimedia cc,1
\u0648\u0627\u0644\u0648\u064a\u0643\u064a\u0645\u064a\u062f\u064a\u0627,1
nadace wikimedia foundation,1
featured image source,1
image rudolf eickemeyer jr wikimedia commons,1
wikimedia foundation sites,1
proyecto wikimedia,1
nadace wikimedia,1
beschreibungs quelle wikipedia,1
wikip\u00e9dia,1
sibling projects,1
\u05d5\u05d5\u05d9\u05e7\u05d9\u05dd,1
\u0444\u043e\u043d\u0434\u0430 \u0432\u0438\u043a\u0438\u043c\u0435\u0434\u0438\u0430,1
j w telefono casa,1
autres projets de la fondation wikim\u00e9dia,1
wiki resources not citable,1
\u03ac\u03bb\u03bb\u03b1 \u03c0\u03bf\u03bb\u03bb\u03ac,1
menghangatkan,1
projets de la fondation wikimedia,1
open projects like this,1
wikim\u00e9dia alap\u00edtv\u00e1ny,1
\u0442\u044b\u0448 \u0434\u0436\u0438\u0431\u0435\u0440\u0438\u0443\u043b\u0435,1
related projects,1
kounosu wikipedia,1
resim,1
wikipedia commons,1
by fml,1
schlaue buch,1
\uc704\ud0a4\ubbf8\ub514\uc5b4\uc7ac\ub2e8,1
donations,1
projet wikimedia,1
visit business,1
\u00f0 \u00f0\u00b4\u00f0\u00b5\u00f1\u0081\u00f1\u008c,1
complete list of wikimedia foundation sites,1
go directly to site,1
\u00a9 http wikimedia org,1
other wikimedia foundation projects,1
\u0432\u0435\u0440\u043d\u043e\u0435 \u043d\u0430\u043f\u0438\u0441\u0430\u043d\u0438\u0435 \u0430\u0434\u0440\u0435\u0441\u0430 wikimedia org,1
\u0444\u043e\u043d\u0434 \u0432\u0438\u043a\u0438\u043c\u0435\u0434\u0438\u0430,1
wikimedia welcome to wikimedia,1
other wikis,1
more on wikimedia,1
\u00e7 \u00b4\u00e5\u009f\u00ba\u00e5\u00aa\u0092\u00e4\u00bd\u0093\u00e5\u009f\u00ba\u00e9\u0087\u0091,1
zahlreiche schwester projekte,1
proyectos wikimedia,1
projets de la fondation wikim\u00e9dia,1
jared c benedict,1
neste enderezo,1
s\u0131rtq\u0131 siltemeler,1
wikimedia projekte,1
wikimedia\u8ca1\u56e3\u306e\u30d7\u30ed\u30b8\u30a7\u30af\u30c8,1
bob stoops notre dame notre dame coach,1
fuente wikipedia,1
\u7ef4\u57fa\u767e\u79d1\u57fa\u91d1\u4f1a,1
legal,1
zur website,1
projeto wikimedia,1
\u0a35\u0a3f\u0a15\u0a40\u0a2e\u0a40\u0a21\u0a40\u0a06,1
ken thomas,1
\u00f9 \u00f8\u00a4\u00f8\u00b3\u00f8\u00b3\u00f8\u00a9 \u00f9\u0088\u00f9\u008a\u00f9\u0083\u00f9\u008a\u00f9 \u00f9\u008a\u00f8\u00af\u00f9\u008a\u00f8,1
go wiki,1
democratizzando,1
current events,1
open source projects,1
accueil,1
business,1
daqui,1
anderen projekte,1
\u0989\u0987\u0995\u09bf\u09ae\u09bf\u09a1\u09bf\u09af\u09bc\u09be \u09ab\u09be\u0989\u09a8\u09cd\u09a1\u09c7\u09b6\u09a8\u09b0,1
liste de projets,1
credits,1
haptseitn vo da wikimedia foundationaf wikimedia projekte,1
visit wikimedia org,1
\u0444\u043e\u043d\u0434\u0430 wikimedia \u0437\u0430\u0434\u0443\u043c\u0430\u043d\u043d\u044b\u0439 \u043a\u0430\u043a \u043e\u0442\u043a\u0440\u044b\u0442\u044b\u0439 \u0438 \u0441\u0432\u043e\u0431\u043e\u0434\u043d\u044b\u0439 \u043a\u0430\u0442\u0430\u043b\u043e\u0433 \u043a\u043b\u0430\u0441\u0441\u0438\u0444\u0438\u043a\u0430\u0442\u043e\u0440 \u0440\u0430\u0437\u043b\u0438\u0447\u043d\u044b\u0445 \u0444\u043e\u0440\u043c \u0436\u0438\u0437\u043d\u0438,1
lars plougmann,1
181 wikimedia org,1
wikimedia libre,1
wikimedia vakf\u0131,1
wikimedia vakf\u0131 n\u0131n,1
great ways of getting the information you need when you need it,1
\u59c9\u59b9\u30d7\u30ed\u30b8\u30a7\u30af\u30c8,1
\u0444\u043e\u043d\u0434\u0430 \u0432\u0438\u043a\u0438\u043c\u0435\u0434\u0438\u044f,1
wikimiedia,1
devam\u0131,1
\u043f\u0440\u043e\u0435\u043a\u0442\u0430\u043c\u0438 \u0432\u0438\u043a\u0438\u043c\u0435\u0434\u0438\u0430,1
the almighty wiki,1
wikimedia foundation projects,1
\u0444\u043e\u043d\u0434 \u0432\u0438\u043a\u0438\u043c\u0435\u0434\u0438\u044f,1
wikis,1
die homepage der wikimedia foundation,1
software,1
wikimedia tsihtasotus\u00f5,1
bgsu bgsu edu,1
pete f,1
wikmedia wikipedia,1
photo courtesy of wikimedia,1
le foetus in ut\u00e9ro,1
altri progetti,1
www,1
trang ch\u1ee7 c\u1ee7a wikimedia,1
wiki resources,1
cover image source,1
wikimedia projekt,1
quaalude,1
\u0432\u043d\u0435\u0448\u043d\u0438\u0435 \u0441\u0441\u044b\u043b\u043a\u0438,1
viquim\u00e8dia,1
jan bart de vreede,1
wikimedia site,1
innen,1
baker coupon code,1
wikimedia engl,1
the wiki foundation,1
\u7ef4\u57fa\u5a92\u4f53\u57fa\u91d1\u4f1a,1
\u043f\u0430\u0439\u0432\u0430\u043d\u0434\u04b3\u043e\u0438 \u0431\u0435\u0440\u0443\u043d\u0430,1
wikimedia org provides,1
wikimedia o a books,1
autres,1
associated sites,1
etc,1
otros proyectos wikimedia,1
\u05d0\u05ea\u05e8 \u05d5\u05d9\u05e7\u05d9\u05de\u05d3\u05d9\u05d4,1
not the wikenpedia,1
\u00f0\u00a4\u00f0\u00be\u00f0\u00bd\u00f0\u00b4\u00f0\u00b0 wikimedia \u00f0 \u00f0\u00b0\u00f0\u00b4\u00f1\u0083\u00f0\u00bc\u00f0\u00b0\u00f0\u00bd\u00f0\u00bd\u00f1\u008b\u00f0\u00b9 \u00f0\u00ba\u00f0\u00b0\u00f0\u00ba \u00f0\u00be\u00f1\u0082\u00f0\u00ba\u00f1\u0080\u00f1\u008b\u00f1\u0082\u00f1\u008b\u00f0\u00b9 \u00f0\u00b8 \u00f1\u0081\u00f0\u00b2\u00f0\u00be\u00f0\u00b1\u00f0\u00be\u00f0\u00b4\u00f0\u00bd\u00f1\u008b\u00f0\u00b9,1
random page,1
fond\u00faireachta wikimedia,1
http de wikipedia org w index php title=datei flechten sitzfl c3 a4che stuhl jpg,1
wikimedia fundazioa,1
wikimedia landing page,1
medios de comunicaci\u00f3n internacionales,1
link,1
klick,1
\u00f1\u0082\u00f1\u0083\u00f0\u00ba\u00f0\u00b0,1
wikimedia foundation 60,1
overzicht projecten,1
wikimedia foundation websites,1
foto h\u00e4r,1
10 projects,1
ventifact,1
wikimedia services,1
other wikimedia sites,1
one of many,1
\u00f0\u00a4\u00f0\u00be\u00f0\u00bd\u00f0\u00b4\u00f0\u00b0\u00f1\u0086\u00f0\u00b8\u00f1\u008f \u00f0\u00a3\u00f0\u00b8\u00f0\u00ba\u00f0\u00b8\u00f0\u00bc\u00f0\u00b5\u00f0\u00b4\u00f0\u00b8\u00f1\u008f,1
www wikipedia org,1
courtesy wikimedia,1
lady chad by thomas gainsborough,1
other projects,1
fonte wikipedia da descri\u00e7\u00e3o,1
\uc704\ud0a4\ubbf8\ub514\uc5b4 \uc7ac\ub2e8,1
\u06f1,1
wiki s,1
harici bir sayfaya,1
commons wikimedia org,1
\u0633\u0627\u06cc\u062a wikimedia,1
\u0645\u0624\u0633\u0633\u0629 \u0648\u064a\u0643\u064a\u0645\u064a\u062f\u064a\u0627,1
site,1
im\u00e1genes de wikimedia,1
wikipedia wikimedia commons wicktionary wikinews wikiversity y wikiquote entre otros,1
wikimedia vakf\u00e4\u00b1 na wikimedia foundation,1
wikimedia wikimedia is a global movement whose mission is to bring free educational content to the,1
nbpts thanksgiving math activities,1
\u5b98\u65b9\u4e3b\u9875,1
\u00a9 wikimedia,1
www gnu org licenses old licenses fdl 1 2 html,1
http www pixelquelle de,1
portail wikimedia,1
la chaise en usage,1
movimiento wikimedia,1
la wikimedia foundation inc,1
eric,1
radiation exposur,1
portal com refer\u00eancias para a confec\u00e7\u00e3o de websites com linguagens din\u00e2micas como php asp cgi e,1
one of our other projects,1
wikimedia vakf\u00e4\u00b1 n\u00e4\u00b1n,1
t\u00e4\u00e4lt\u00e4,1
visit website,1
media wiki,1
\u0442\u0443\u043a\u0430,1
42,1
la fundaci\u00f3n wikimedia,1
b\u00e1ch khoa to\u00e0n thu,1
an entire foundation,1
shops malls,1
organizaci\u00f3n wikimedia,1
foto wikimedia,1
mwbb version 0 1,1
games toys,1
\u30a6\u30a3\u30ad\u30e1\u30c7\u30a3\u30a2 \u30d7\u30ed\u30b8\u30a7\u30af\u30c8,1
\u7dad\u57fa\u5a92\u9ad4,1
wiki based projects of wikimedia foundation,1
d autres projets,1
wikimedias projekt,1
xxx,1
wikimedia resources,1
nine other projects,1
strona g\u0142\u00f3wna wikimedi\u00f3w,1
wikibob,1
wikimedia\u8ca1\u56e3,1
ici,1
mirian,1
alexandre hannud abdo wikimedia,1
erik m\u00f6ller wikimedia foundation,1
i like wikimedia,1
\u0a35\u0a3f\u0a15\u0a40\u0a2e\u0a40\u0a21\u0a40\u0a06 \u0a2b\u0a3c\u0a3e\u0a0a\u0a02\u0a21\u0a47\u0a38\u0a3c\u0a28,1
wikimedian,1
p\u00e1gina com os projetos wikimedia,1
startseite der internationalen wikimedia stiftung,1
wikimpedia public domain,1
wikim\u00e9dia,1
freies wissen bedrohung oder chance,1
wikimedia properties,1
wikimedia wikis,1
expands,1
wikimedia s\u00e3\u00a4\u00e3\u00a4ti\u00e3 n,1
mwpm version 0 1,1
wikimedia org informatie database,1
websites,1
wikimedian projektia,1
visita sito,1
shared commons,1
www wikimedia com,1
zde,1
fondation wikimedia et projets annexes,1
main page,1
